{"regist_target_img_scalef": 0.17381229, "tissue_hires_scalef": 0.05793743, "tissue_lowres_scalef": 0.017381229, "fiducial_diameter_fullres": 383.66378139059634, "spot_diameter_fullres": 255.77584308757633}